{
  "schemaVersion": 1,
  "id": "instantport",
  "version": "1.0.0",
  "name": "Instant Nether Teleport",
  "description": "Instantly teleports player through Nether portal while preserving motion and Elytra flight.",
  "authors": ["ChatGPT"],
  "contact": {
    "homepage": "https://openai.com"
  },
  "license": "MIT",
  "environment": "*",
  "entrypoints": {
    "main": [
      "com.example.instantport.InstantNetherTeleportMod"
    ]
  },
  "depends": {
    "fabricloader": ">=0.14.0",
    "fabric": "*",
    "minecraft": "1.21.5"
  }
}